,split,threshold,rmse,mse,mae,r2,spearman,kendalls_tau,pearson
1,0,60,0.9396337144649276,0.8829115173591571,0.749998577459447,0.20813117494942146,0.4564927820419616,0.31916264705993497,0.45821758520098843
3,1,60,0.9841312528680856,0.9685143228717077,0.778624264353311,0.16112677072154136,0.3861964865030123,0.258770697938971,0.402507761604852
5,2,60,1.0869646353443452,1.1814921184892655,0.8618601682153347,0.1627054189066962,0.397273876515251,0.26859923632182275,0.4052136489846885
7,3,60,0.9956790623856838,0.9913767952732345,0.7701781698807906,0.050512753177324954,0.28716740052396883,0.1996160586537899,0.2913340674498376
9,4,60,0.985286060799814,0.9707886216064147,0.7958263627445135,0.05934038745431147,0.32445397311552643,0.21919380692518695,0.3602571458617762
