,property,n,rmse,mse,mae,r2,spearman,kendalls_tau,pearson
0,Escherichia coli,971,0.7425765678316291,0.551419959092602,0.5923689224546671,0.2088560752028661,0.42462742490913885,0.294943122357912,0.4815258922673659
1,Escherichia coli,1158,0.7279735759576595,0.5299455272925824,0.5955963713510121,0.2294709953929871,0.5163069089726757,0.36598790676771764,0.5508461765126504
2,Escherichia coli,1082,0.730811586130475,0.5340855744225408,0.585010551255653,0.31481953804466833,0.5342826806661415,0.3703139754654879,0.5641075568514952
3,Escherichia coli,1100,0.8516146211530051,0.7252474629615764,0.6887144764846271,0.13276626654121282,0.46873820897993934,0.32611736974400524,0.5033170184590376
4,Escherichia coli,1127,0.7403504977016145,0.5481188594470284,0.5756531351929468,0.2116608223269335,0.5040266670659299,0.3431407899159321,0.4744265097450409
