,property,n,rmse,mse,mae,r2,spearman,kendalls_tau,pearson
0,Escherichia coli,975,0.7137815832083722,0.5094841485274503,0.5637406719758051,0.27751888547465997,0.4863769832072956,0.34418952549117404,0.5312591082885821
1,Escherichia coli,1159,0.7370896981965773,0.5433012231875214,0.5906831896880916,0.21212499194311263,0.49582298060271734,0.3467198000686989,0.5075770505835692
2,Escherichia coli,1083,0.7487815718989339,0.5606738424154384,0.5822486800362182,0.2805311773149536,0.5386614579639672,0.3757028773426745,0.5427858077405645
3,Escherichia coli,1103,0.8711585285447286,0.7589171818562167,0.6731478363417861,0.0962501370558515,0.3788668683319531,0.26381615371067624,0.3935767086233708
4,Escherichia coli,1127,0.768007217716647,0.5898350864648653,0.6027159960609261,0.15166190870436236,0.44658257302622173,0.30860304089178364,0.422298629132716
