,property,n,rmse,mse,mae,r2,spearman,kendalls_tau,pearson
0,Escherichia coli,975,1.3997926938264171,1.9594195856898173,1.036503400436075,-1.7785823173960567,0.1827157942250878,0.1313531792283214,0.1707876812855213
1,Escherichia coli,1159,1.0942577077963815,1.1973999310717913,0.8368458380539898,-0.7364243629079539,0.31001933967018447,0.2138531757356598,0.3031144801253039
2,Escherichia coli,1083,1.5102392391213704,2.2808225593818956,1.1753140276671101,-1.926800926689356,0.303964185365343,0.2102526907858553,0.28772558599244435
3,Escherichia coli,1103,1.3195665901766545,1.7412559859104428,0.9440758483418098,-1.07355940310676,0.30909665389536284,0.21860578100677294,0.22596524826526615
4,Escherichia coli,1127,1.3681965556079376,1.8719618147774244,0.9775394160234504,-1.6923737657664657,0.17537324393610257,0.12472299447605922,0.08538967810253767
