,property,n,rmse,mse,mae,r2,spearman,kendalls_tau,pearson
0,Escherichia coli,562,0.8086844320848867,0.6539705106964557,0.6498209954701147,-0.8494833591580382,0.14472362764708002,0.09699379490830698,0.1745286408819895
1,Escherichia coli,662,0.6480863333028407,0.4200158954139207,0.5177504908773243,0.0303741842535582,0.37188552452672274,0.25105728013368434,0.3339173270554975
2,Escherichia coli,650,0.7548930750952272,0.5698635548267283,0.595174594673896,-0.23764408685372818,0.2884603226914125,0.1896939099926,0.2650049572569463
3,Escherichia coli,657,0.7556359053546002,0.5709856214610664,0.5855933029350214,-0.291593555270683,0.1271527573769372,0.08571909329557748,0.10486184037119371
4,Escherichia coli,659,0.8262729028948307,0.6827269100582504,0.6452974237230175,-0.32910256220007406,0.20073905151223223,0.1329370281406573,0.21400835296846804
