,split,threshold,rmse,mse,mae,r2,spearman,kendalls_tau,pearson
1,0,60,0.8881242786602492,0.7887647343457881,0.7450530506214729,-2.1928364657327095,0.3416069910529138,0.23022011265620876,0.2773149963183624
3,1,60,0.956836269890151,0.9155356473772979,0.7474789718154282,-1.6380660781216743,0.14164285514548988,0.09041548895438636,0.1014224942706495
5,2,60,1.1033023167002938,1.2172760020362354,0.881007497401638,-2.345252609405118,0.0721713185579557,0.04462805557175198,0.0743935167113701
7,3,60,0.9275277809204526,0.8603077843792191,0.7034323018948787,-2.663285332110305,0.0547860010948897,0.03749778587327756,0.009650833885596536
9,4,60,0.8848881520155311,0.7830270415774616,0.7330922606165001,-2.966188266242056,0.12889088895205028,0.088398402634866,0.15888040585787364
