,property,n,rmse,mse,mae,r2,spearman,kendalls_tau,pearson
0,Escherichia coli,566,1.659222987507334,2.7530209222727633,1.2713927626886177,-6.641295282102339,-0.034793532868233584,-0.022242568067618526,-0.05218064300460678
1,Escherichia coli,663,1.2330606887599929,1.5204386621652681,0.9484227822389442,-2.498094321557959,0.24225511296812768,0.16321820436987586,0.15807815318584728
2,Escherichia coli,651,1.7466084817963425,3.050641188682925,1.4339489867405635,-5.634163409960225,0.2479315379680817,0.1712962181074221,0.25438272581592086
3,Escherichia coli,660,1.5495970743452023,2.4012510928192103,1.1490202565261585,-4.405810041177482,0.10590589413328778,0.0802218464775659,0.0006246724239660634
4,Escherichia coli,659,1.6160067096802069,2.611477685731449,1.1668854004317517,-4.083909293890069,0.06619997385204231,0.051686020927182955,-0.038105150356741294
