,split,threshold,rmse,mse,mae,r2,spearman,kendalls_tau,pearson
1,0,60,0.9386879768236374,0.8811351178332536,0.7482042279884231,0.1567214700321704,0.41742768713295947,0.28720784508527203,0.4037001415690229
3,1,60,1.0192349485047454,1.038839880253471,0.8054265041727493,0.1225213566579102,0.3602278932120267,0.2354936516219589,0.35587855757241466
5,2,60,1.092295317132588,1.193109059829781,0.8596180486126407,0.12013735099161138,0.3634995676946524,0.24319261467427136,0.35472273983858216
7,3,60,0.9741454032144107,0.9489592666037667,0.7551325539585396,0.011384107167856206,0.24769328107311725,0.17143499734052162,0.24638535418838348
9,4,60,1.0361843212904596,1.0736779476881704,0.8382244713917751,-0.058306792421946474,0.2801462497253357,0.1883760347471607,0.3058411597465929
