,property,n,rmse,mse,mae,r2,spearman,kendalls_tau,pearson
0,Escherichia coli,566,0.7420832770651025,0.5506875900996816,0.5781666138743157,-0.5284905574444771,0.21240136667369236,0.14622842344819356,0.22850054633106523
1,Escherichia coli,663,0.6909738107756848,0.47744480717787174,0.5407772646687893,-0.098463890985105,0.3875647223672818,0.2629471891755051,0.3485659455449294
2,Escherichia coli,651,0.7921063311891229,0.6274324399098925,0.6170805064601811,-0.3644637561814923,0.29120308930214117,0.19360615724925087,0.2631008074579799
3,Escherichia coli,660,0.9426861557709636,0.8886571882822375,0.7094416673066861,-1.0005870964292165,0.11760164434213294,0.08049809780251088,0.08179879428481927
4,Escherichia coli,659,0.800867600031848,0.641388912780772,0.6228674930516801,-0.24862757683143144,0.21590271128136232,0.14535386694657923,0.22112716913871766
