,split,threshold,rmse,mse,mae,r2,spearman,kendalls_tau,pearson
1,0,60,0.9420588587005188,0.887474893256124,0.7546080641300748,0.2724129520208941,0.5278050923022286,0.36910664352984096,0.5241734316337089
3,1,60,0.9104909939004506,0.8289938499738305,0.725450693012174,0.18107738390323802,0.4031211507044881,0.27850998643089325,0.45743262774669946
5,2,60,1.0643046523979673,1.1327443931159582,0.8712686850310196,0.2913123158202837,0.5266255043998426,0.3628176641358096,0.5484498682752819
7,3,60,1.0560401637727623,1.1152208275012025,0.8141059936533934,0.13104485263130372,0.39596855753579707,0.27861049150856104,0.3880082244727574
9,4,60,0.8945310584109281,0.8001858144617753,0.7255252283435909,0.2396554941204473,0.44014259642849524,0.30194542690967197,0.4966720494322318
