,property,n,rmse,mse,mae,r2,spearman,kendalls_tau,pearson
0,Escherichia coli,971,0.9508153090608567,0.9040497519444924,0.7437743304477938,-0.2970757716898842,0.32331790276232714,0.2198836213716927,0.34853131564907436
1,Escherichia coli,1158,0.8552407797812912,0.731436791400911,0.6650859342413354,-0.06349281914013005,0.4102328986855742,0.28478255950343667,0.4091894219476366
2,Escherichia coli,1082,1.071225956960636,1.1475250508662305,0.8185959035043467,-0.47216435363930986,0.31388946851585586,0.2172866479424055,0.32756815919901666
3,Escherichia coli,1100,1.027963350831867,1.0567086506534802,0.7815223366539965,-0.26358716863648857,0.380212417488397,0.26479641451941816,0.39792470211928926
4,Escherichia coli,1127,1.004508718253134,1.0090377650465543,0.765077683122518,-0.4512618718144019,0.34692622379404203,0.23775355594842873,0.32044639409101977
