,property,n,rmse,mse,mae,r2,spearman,kendalls_tau,pearson
0,Escherichia coli,975,0.9519411323609107,0.9061919194805729,0.7454413648269793,-0.28503811129838685,0.32798724438203275,0.2234572909099808,0.353257904100598
1,Escherichia coli,1159,0.8573051779475654,0.7349721681357068,0.6666188968474008,-0.06582900641039457,0.4090230817530624,0.2841141289511149,0.4111023986269279
2,Escherichia coli,1083,1.0718963354328517,1.1489617539143764,0.8187318230192542,-0.4743726171309619,0.3149709209292591,0.21801373980904748,0.32793898872299854
3,Escherichia coli,1103,1.0272783291570426,1.0553007655556852,0.7818146505758448,-0.2566956514320917,0.38286974545711333,0.26687624597499815,0.4027577751263361
4,Escherichia coli,1127,1.004508718253134,1.0090377650465543,0.765077683122518,-0.4512618718144019,0.34692622379404203,0.23775355594842873,0.32044639409101977
