,split,threshold,rmse,mse,mae,r2,spearman,kendalls_tau,pearson
1,0,60,1.0301234041404865,1.061154227757984,0.7837863213799037,0.04826821826320382,0.49997457255384614,0.3462222084716252,0.4693105786101009
3,1,60,0.978189248175771,0.9568542052466802,0.7768313630327764,0.17122611597115123,0.45179005647119275,0.3095688188671014,0.46724389905281527
5,2,60,1.1703815256030017,1.3697929154728097,0.8965954260044214,0.029261247369207988,0.42217313478458174,0.29201620612069923,0.40338317954351155
7,3,60,1.014202049269453,1.0286057967423579,0.7858565765851528,0.014856822682065673,0.3747197340440915,0.25656417164644746,0.38629210139398285
9,4,60,1.034454956790254,1.0700970576279263,0.7975219019349599,-0.03688595149467022,0.374827095897972,0.2613035427453924,0.38094217246983797
