,split,threshold,rmse,mse,mae,r2,spearman,kendalls_tau,pearson
1,0,60,0.9924474445503837,0.9849519301945868,0.7683217821437839,0.0573649841287468,0.48271130759878705,0.33694117330526374,0.4380781406916132
3,1,60,1.0105822117957668,1.021276406798024,0.8116711717355998,0.13735672556606193,0.4009837161662857,0.2746912169432575,0.43437107896035665
5,2,60,1.1894266881459097,1.414735846473747,0.9068237365124022,-0.04330213509828318,0.3904325668630496,0.26945139918199124,0.3675362586376766
7,3,60,1.0058577432182498,1.0117497995921108,0.7739390566248742,-0.05403041694953936,0.35123358197222015,0.24112972742695019,0.33980890316795237
9,4,60,1.095131870971586,1.1993138148177265,0.8313157088178695,-0.18214401180539452,0.3173751758872051,0.22288877825611783,0.3024453678098263
