,property,n,rmse,mse,mae,r2,spearman,kendalls_tau,pearson
0,Escherichia coli,566,0.9726507631207861,0.9460495069994476,0.7569114559441457,-1.6258585890085309,0.12253136819174176,0.08233335877409056,0.1491918948618954
1,Escherichia coli,663,0.8299800563654062,0.6888668939643229,0.636205331900242,-0.5848856189003799,0.2575689630251314,0.1741033751315561,0.23173212070181676
2,Escherichia coli,651,1.1935657026792301,1.4245990866121643,0.9387496597104146,-2.0980448206514697,0.08485573939187732,0.05726292270013387,0.055519105083321814
3,Escherichia coli,660,1.0799025351811693,1.1661894854907167,0.8273877352775182,-1.6253809313959815,0.20406195430975538,0.1418151818504799,0.20497199362781637
4,Escherichia coli,659,1.0575404270874962,1.118391754924404,0.8118698856652079,-1.1772356195636666,0.18612015738254492,0.12742651699832036,0.16442707894304073
