,split,threshold,rmse,mse,mae,r2,spearman,kendalls_tau,pearson
1,0,60,1.0153211643310764,1.0308770667386127,0.7983855782069685,-3.172881655390645,0.07626456106615705,0.052843569520767054,0.06711352867787496
3,1,60,0.9679741859327777,0.9369740246322237,0.7529963480780995,-1.6998395939516788,0.14308982228367442,0.0963787919436504,0.11275223376171449
5,2,60,1.403615308054945,1.970135933006178,1.1006354190213585,-4.4142218853793835,-0.031798336125120896,-0.023036945534009114,-0.07687017552867643
7,3,60,1.0129926767695603,1.0261541631887587,0.7784785629489922,-3.3694774855556986,0.08963204341210704,0.05964561531308662,0.09104548552996806
9,4,60,1.0717767736590844,1.1487054525550764,0.8423035265477118,-4.818422411202909,0.2999917124074695,0.20012872566778214,0.26016886601846406
