,property,n,rmse,mse,mae,r2,spearman,kendalls_tau,pearson
0,Escherichia coli,562,0.9726437581144791,0.9460358801990573,0.7554673250331208,-1.6754686778326415,0.10854089170775638,0.07286400583628923,0.13547323979740433
1,Escherichia coli,662,0.8254495102204877,0.6813668939232431,0.6329016539660638,-0.572966493784385,0.2526939998530207,0.17080175235932354,0.22148390704666673
2,Escherichia coli,650,1.1927834547673182,1.4227323699666592,0.9389122133744372,-2.0899261585521525,0.08421607119266991,0.05670722874374232,0.055720377458360074
3,Escherichia coli,657,1.0797654646705548,1.1658934586952192,0.827127038284869,-1.6373001714644242,0.1980959583211066,0.1376396536842191,0.19570184334468566
4,Escherichia coli,659,1.0575404270874962,1.118391754924404,0.8118698856652079,-1.1772356195636666,0.18612015738254492,0.12742651699832036,0.16442707894304073
