,split,threshold,rmse,mse,mae,r2,spearman,kendalls_tau,pearson
1,0,60,1.121119691876312,1.256909363512837,0.8235131188362765,-0.03046405067334712,0.5341524688240061,0.3548221040450713,0.5313873706473411
3,1,60,0.9105193608236614,0.8290455064347289,0.7077115219739185,0.18102635500344755,0.5425040240839278,0.38199276882482364,0.5267806304170555
5,2,60,1.0868295156878676,1.1811983961703247,0.8536741274049267,0.2609976610556931,0.5432426228160196,0.37767679057200293,0.5362787636315787
7,3,60,1.038180785485143,1.0778193433505487,0.8206516824386353,0.16018725328459893,0.4525735725083546,0.307023172705767,0.48290812166036723
9,4,60,0.9251161649770963,0.85583991870193,0.741487549983167,0.1867724116865097,0.45998575707658457,0.32023144670622733,0.5103207712740845
