,split,threshold,balanced_accuracy,precision,recall,f1,mcc
1,0,60,0.7380878254165926,0.7086956521739131,0.7056277056277056,0.7071583514099784,0.4763946455139782
3,1,60,0.6396803085184986,0.6579710144927536,0.6504297994269341,0.654178674351585,0.2792247889555318
5,2,60,0.5860828025477707,0.5882352941176471,0.3821656050955414,0.46332046332046334,0.18916511171578618
7,3,60,0.6011844845539743,0.6123076923076923,0.5784883720930233,0.5949177877428999,0.20253600188744633
9,4,60,0.6201216797744472,0.6122448979591837,0.43478260869565216,0.5084745762711865,0.2597313394561169
