,property,n,rmse,mse,mae,r2,spearman,kendalls_tau,pearson
0,hc50,173,1.5809296719920172,2.499338627784787,1.2439066179058982,-4.767530288675135,-0.2613016252816311,-0.18929869102262806,-0.17815518172474487
1,hc50,278,1.0073539351953675,1.0147619507535925,0.798520283183382,-1.2625979006911372,0.2170065597161487,0.14501672051406425,0.18855497433088017
2,hc50,129,1.5427178457963013,2.3799783517383806,1.1063914896313547,-4.078814856001727,0.302353475314001,0.20947492697255682,0.2931427699505278
3,hc50,193,1.6238448992757606,2.636872256903905,1.1670033877570307,-4.043586129738323,0.06402634751624312,0.04194931114707945,0.04431109828710919
4,hc50,141,2.476208245937178,6.131607277247275,1.6842231838932167,-11.689391769732792,0.04874200589948951,0.022773613328817836,0.023600628076336238
