,split,threshold,balanced_accuracy,precision,recall,f1,mcc
1,0,60,0.7143719806763285,0.7039106145251397,0.6847826086956522,0.6942148760330578,0.42953410701662376
3,1,60,0.6068650126156434,0.668,0.7198275862068966,0.6929460580912864,0.21821521142694147
5,2,60,0.5962788951721298,0.6294117647058823,0.39776951672862454,0.48747152619589973,0.21062937734194512
7,3,60,0.6181751748616766,0.6458333333333334,0.6019417475728155,0.6231155778894473,0.23609170000183713
9,4,60,0.6993095433415368,0.6587301587301587,0.6014492753623188,0.6287878787878789,0.40584133853879945
