,split,threshold,balanced_accuracy,precision,recall,f1,mcc
1,0,60,0.8112640801001252,0.7254901960784313,0.7872340425531915,0.7551020408163265,0.6121950249620138
3,1,60,0.6427738927738927,0.631578947368421,0.5128205128205128,0.5660377358490566,0.2964244012165065
5,2,60,0.5315412186379929,0.38235294117647056,0.28888888888888886,0.3291139240506329,0.06862779851306655
7,3,60,0.4714285714285714,0.35135135135135137,0.37142857142857144,0.36111111111111116,-0.05659684799706785
9,4,60,0.4643048845947397,0.3333333333333333,0.10144927536231885,0.15555555555555556,-0.10254189483766327
