,split,threshold,balanced_accuracy,precision,recall,f1,mcc
1,0,60,0.6246293660677222,0.6264367816091954,0.47186147186147187,0.5382716049382715,0.262700234030617
3,1,60,0.6146942747472564,0.6530612244897959,0.5501432664756447,0.5972006220839813,0.2307649932484271
5,2,60,0.558391719745223,0.5123674911660777,0.46178343949044587,0.48576214405360135,0.11850706129554145
7,3,60,0.5557445331482125,0.5552699228791774,0.627906976744186,0.5893587994542975,0.11268344177998185
9,4,60,0.5802707292542579,0.507177033492823,0.5120772946859904,0.5096153846153847,0.16031957376660394
