,split,threshold,balanced_accuracy,precision,recall,f1,mcc
1,0,60,0.6165458937198067,0.6507936507936508,0.44565217391304346,0.5290322580645161,0.24895041061396225
3,1,60,0.5428931875525652,0.6268656716417911,0.5431034482758621,0.5819861431870671,0.08452183150583517
5,2,60,0.5490294612692684,0.5327102803738317,0.42379182156133827,0.47204968944099374,0.10124446102415108
7,3,60,0.5540592267808052,0.5722713864306784,0.627831715210356,0.5987654320987653,0.10926514438713254
9,4,60,0.6443122778233524,0.5432098765432098,0.6376811594202898,0.5866666666666667,0.2828813520438328
