,split,threshold,balanced_accuracy,precision,recall,f1,mcc
1,0,60,0.6637046307884856,0.5625,0.574468085106383,0.5684210526315789,0.3259035494548828
3,1,60,0.6943889443889444,0.7096774193548387,0.5641025641025641,0.6285714285714286,0.40560506806365443
5,2,60,0.6401433691756273,0.4492753623188406,0.6888888888888889,0.543859649122807,0.2627853742640954
7,3,60,0.5642857142857143,0.44,0.6285714285714286,0.5176470588235295,0.12571745323852407
9,4,60,0.4514224369296833,0.3829787234042553,0.2608695652173913,0.3103448275862069,-0.10439152294545817
