,split,threshold,rmse,mse,mae,r2,spearman,kendalls_tau,pearson
1,0,60,0.8684807498259393,0.7542588128182257,0.6874845918087711,0.3235176706303524,0.6144450158428513,0.43337181064104957,0.5860650139127117
3,1,60,0.9768880009156402,0.954310166332956,0.7678252544538722,0.17342962095664083,0.40492454561318586,0.2751205511364303,0.42031959659345175
5,2,60,1.0373233095695253,1.0760396485762733,0.8249931243615851,0.23743700639621124,0.5305548734172788,0.36451089612313214,0.5285443684178691
7,3,60,0.9903850917951323,0.9808626300500527,0.7739322860998729,0.06058265378221661,0.29925233752154395,0.20687660250138382,0.30262316030594594
9,4,60,0.9048720712428739,0.8187934653153688,0.714258506428598,0.2066182826040993,0.5057701313879938,0.3566897871513066,0.5368225889464963
