,property,n,rmse,mse,mae,r2,spearman,kendalls_tau,pearson
0,Escherichia coli,971,0.7015612042290615,0.492188123279331,0.5654887197200867,0.29383832201047777,0.515767936896511,0.36195671531157464,0.5641070509850656
1,Escherichia coli,1158,0.7715815977908871,0.5953381620495383,0.6241382006242608,0.13439155953978366,0.4829042982588886,0.3419647663763777,0.5086821837856946
2,Escherichia coli,1082,0.7319857749010821,0.5358031746575376,0.5756103627360194,0.31261602201871663,0.5307920989090752,0.3787022530442029,0.559848243760536
3,Escherichia coli,1100,0.8341305306849334,0.6957737422207286,0.6341992350166806,0.16801024350409577,0.4858172371733358,0.3419682417158277,0.47065428335255843
4,Escherichia coli,1127,0.7335069485434559,0.538032443561532,0.5790471237609258,0.2261677429843667,0.5173497317340643,0.3594608369904824,0.4886146628753969
