,property,n,rmse,mse,mae,r2,spearman,kendalls_tau,pearson
0,Escherichia coli,2112,0.6847974765238548,0.46894758385343954,0.5476253937075843,0.17727841028051317,0.473163135962522,0.331417142773492,0.4959877559467485
1,Escherichia coli,2403,0.7027780090080035,0.49389692994525336,0.5539776632585072,0.1485996339537401,0.49411004242862283,0.34821898282518765,0.5208721977178162
2,Escherichia coli,2270,0.74126354187502,0.5494716385130995,0.5778159954687624,0.17010419801374532,0.4966566291884221,0.34587085760471586,0.4984941444836079
3,Escherichia coli,2331,0.7373360876763378,0.5436645061898482,0.5807522862339091,0.1999994213278059,0.44843832715069243,0.31362977985756474,0.4648338102718429
4,Escherichia coli,2326,0.7566980921738976,0.5725920026996165,0.5764995218151693,0.10040399401168043,0.489541582339734,0.34434357680339456,0.4472992958212656
