,property,n,rmse,mse,mae,r2,spearman,kendalls_tau,pearson
0,Escherichia coli,975,0.7359834015099508,0.5416715672981575,0.5882792986630531,0.23187506661519752,0.481679291397185,0.3367682110114862,0.4918060021435813
1,Escherichia coli,1159,0.7417641652394333,0.5502140768333534,0.573508704020109,0.20210023147975154,0.4825624634102611,0.3393998761270442,0.48628269205527996
2,Escherichia coli,1083,0.7448363291557349,0.5547811572301904,0.567454243435232,0.28809279862123627,0.5356020718036142,0.3880562670859996,0.5446530362699226
3,Escherichia coli,1103,0.8256850558535609,0.6817558114598979,0.6323759023572889,0.1881370775382024,0.48940488875940014,0.34536698807361216,0.45714900147899595
4,Escherichia coli,1127,0.7182088974424649,0.515824020365521,0.5572198181742486,0.2581093005097208,0.5341874006139593,0.37375108758926273,0.5130024402751712
