,split,threshold,rmse,mse,mae,r2,spearman,kendalls_tau,pearson
1,0,60,0.8703444183230561,0.7574994065060989,0.687456881564815,0.27504536700255533,0.5874149774596811,0.4128346140423794,0.5627963194964419
3,1,60,1.015839560267392,1.0319300122042483,0.7994886154911285,0.12835792662095924,0.3717119783542163,0.2517146075991237,0.3864284656730058
5,2,60,1.0269800588136155,1.0546880412008173,0.8178323480592502,0.22221643850327222,0.5138942222964631,0.3534992793471995,0.5034559440813667
7,3,60,0.9578002031840352,0.9173812292193791,0.7466345094667811,0.04428177803878974,0.3177332731661286,0.21906848083628275,0.30178287017637484
9,4,60,0.9396117899102957,0.8828703157384297,0.7487307401541304,0.12976916962342955,0.4957608605871021,0.3471342920943491,0.4970734429041619
