,property,n,rmse,mse,mae,r2,spearman,kendalls_tau,pearson
0,Escherichia coli,562,0.7232602423214507,0.5231053781228836,0.585940795752965,-0.47938580731112723,0.2806069419754071,0.18819985501858766,0.29234010063369803
1,Escherichia coli,662,0.6672226160329043,0.44518601934579255,0.5333416634243143,-0.027732192710648862,0.33134800353863725,0.2228551835784165,0.3343852835737502
2,Escherichia coli,650,0.7408118986681301,0.5488022692082799,0.563677029003217,-0.19190265386256988,0.3621763794584324,0.2502604383486559,0.307656088479614
3,Escherichia coli,657,0.8805549609488903,0.7753770392517016,0.6709890871424766,-0.7539355618793779,0.21251484014519537,0.14557172979762914,0.2005676626705175
4,Escherichia coli,659,0.7484854463052681,0.5602304633307965,0.5733563917152741,-0.09063189580730957,0.3079242224451795,0.21079313056940974,0.3024528283784996
