,property,n,rmse,mse,mae,r2,spearman,kendalls_tau,pearson
0,Escherichia coli,566,0.6849677733311177,0.4691808505021895,0.5468990135908093,-0.30226014280901814,0.24962240341809797,0.17023920429195036,0.24020543753102835
1,Escherichia coli,663,0.7662566953419138,0.5871493231563104,0.6054253225669406,-0.3508625927169655,0.3370648186667466,0.22524176126025527,0.3043975554275561
2,Escherichia coli,651,0.7702221434122835,0.5932421502026122,0.5603936103285566,-0.29011087266525437,0.34362202309039525,0.24409973604374827,0.27498273721925803
3,Escherichia coli,660,0.8729298869344706,0.7620065875034275,0.6773553922224382,-0.7154652732851685,0.2371099278962596,0.16690270667317764,0.18282203552295537
4,Escherichia coli,659,0.7295304443711483,0.5322146692643651,0.5493059555065776,-0.036091986617870164,0.3477730971083285,0.24080370893167433,0.35266072571686446
