,property,n,rmse,mse,mae,r2,spearman,kendalls_tau,pearson
0,Escherichia coli,1306,0.6632228399104445,0.43986453537887504,0.5180868542409202,-0.2754366902363732,0.31082935132577155,0.21232000869278025,0.31079739904525117
1,Escherichia coli,1508,0.7808822297134493,0.6097770566822482,0.6358617101782329,-0.5978866154370814,0.42180513480132037,0.29141733714779333,0.4313190974756941
2,Escherichia coli,1488,0.7976105088410353,0.6361825238136553,0.6284417796021209,-0.5034726176496342,0.3789246334067887,0.25977462976837873,0.3716687758181086
3,Escherichia coli,1414,0.7582266418726685,0.5749076404455039,0.6001366835625491,-0.3191549726810874,0.31312575219260624,0.2136968081362473,0.3224257993005499
4,Escherichia coli,1492,0.7307580274885052,0.5340072947388909,0.537585235156367,-0.22677502169305797,0.38501103937284364,0.2645620126261222,0.3287010296959818
