,split,threshold,rmse,mse,mae,r2,spearman,kendalls_tau,pearson
1,0,60,0.892614792435283,0.7967611676742833,0.7317485614914802,-2.225205184585481,0.28549557069220677,0.18921327310203917,0.23128733568528906
3,1,60,0.9874303017630651,0.9750186008398979,0.7736975120910853,-1.8094629671512803,0.11481355124779354,0.07441731996975964,0.07741464724686116
5,2,60,1.056176764636823,1.1155093581587068,0.8520435650367384,-2.0655829778571118,0.07715359883135507,0.05208126633874215,0.08680467043884635
7,3,60,0.9394886962746883,0.8826390104279136,0.7204502852292872,-2.7583741530155486,0.0440882236700652,0.03151656459345391,-0.022183458250972003
9,4,60,0.7342978787616475,0.5391933747538552,0.5724681169312607,-1.7311220719478038,0.2540137394408026,0.17391226425025474,0.23930118622398547
