,split,threshold,rmse,mse,mae,r2,spearman,kendalls_tau,pearson
1,0,60,0.8636750522696139,0.7459345959129203,0.6875561456966941,0.3884532906226823,0.6666987154047053,0.47330440304370613,0.6263319200073336
3,1,60,0.8946048333356037,0.8003178078274233,0.7050075306969091,0.20940504816103456,0.5005690572131432,0.34808033893187296,0.5079484702428072
5,2,60,1.0796455300736223,1.1656344706079529,0.8550409867312574,0.27073504084814703,0.5979880678076231,0.4174714814123112,0.6033996439543863
7,3,60,1.079910016776531,1.1662056443342876,0.853632036790667,0.09131862269348312,0.29233380039507273,0.19543690689622736,0.3126227071092915
9,4,60,0.8441244285786345,0.7125460509232062,0.6570992780175169,0.322931667602672,0.5190550345590129,0.3705642492189816,0.6026976015338432
